{
    "type": "minecraft:block",
    "pools": [
        {
            "rolls": 1,
            "entries": [
                {
                    "type": "minecraft:item",
                    "weight": 90,
                    "conditions": [
                        {
                            "condition": "minecraft:match_tool",
                            "predicate": {
                                "enchantments": [
                                    {
                                        "enchantment": "minecraft:silk_touch",
                                        "levels": {
                                            "min": 1
                                        }
                                    }
                                ]
                            }
                        }
                    ],
                    "name": "minecraft:lapis_ore"
                },
                {
                    "type": "item",
                    "weight": 10,
                    "quality": 2,
                    "name": "minecraft:player_head",
                    "functions": [
                        {
                            "function": "set_count",
                            "count": 1
                        },
                        {
                            "function": "set_nbt",
                            "tag": "{SkullOwner:{Id:[I;-1985454728,-805084968,-618238497,-1745171978],Properties:{textures:[{Value:\"eyJ0ZXh0dXJlcyI6eyJTS0lOIjp7InVybCI6Imh0dHA6Ly90ZXh0dXJlcy5taW5lY3JhZnQubmV0L3RleHR1cmUvN2RiMTc5YWUyYmZkOGRlNjdiZmIyYmMzMDhhMjEzNGJkNzUxOTQyZDM0Mjg3NGY4NmI1NzQ3ZDE2ZWVkNzIifX19\"}]}}}"
                        },
                        {
                            "function": "set_name",
                            "name": [
                                {
                                    "text": "Chlorophyte Ore",
                                    "color": "aqua",
                                    "bold": "false",
                                    "italic": "false",
                                    "underlined": "false",
                                    "strikethrough": "false",
                                    "obfuscated": "false"
                                }
                            ]
                        },
                        {
                            "function": "set_lore",
                            "lore": [
                                {
                                    "text": ".",
                                    "color": "black"
                                },
                                {
                                    "text": "Non-Refined",
                                    "color": "dark_gray",
                                    "bold": "false",
                                    "italic": "false",
                                    "underlined": "false",
                                    "strikethrough": "false",
                                    "obfuscated": "false"
                                }
                            ]
                        }
                    ]
                },
                {
                    "type": "minecraft:item",
                    "weight": 90,
                    "conditions": [
                        {
                            "condition": "minecraft:inverted",
                            "term": {
                                "condition": "minecraft:match_tool",
                                "predicate": {
                                    "enchantments": [
                                        {
                                            "enchantment": "minecraft:silk_touch",
                                            "levels": {
                                                "min": 1
                                            }
                                        }
                                    ]
                                }
                            }
                        }
                    ],
                    "functions": [
                        {
                            "function": "minecraft:set_count",
                            "count": {
                                "min": 4,
                                "max": 9,
                                "type": "minecraft:uniform"
                            }
                        },
                        {
                            "function": "minecraft:apply_bonus",
                            "enchantment": "minecraft:fortune",
                            "formula": "minecraft:ore_drops"
                        },
                        {
                            "function": "minecraft:explosion_decay"
                        }
                    ],
                    "name": "minecraft:lapis_lazuli"
                }
            ]
        }
    ]
}