{
    "type": "minecraft:block",
    "pools": [
        {
            "rolls": 1,
            "entries": [
                {
                    "type": "minecraft:item",
                    "name": "minecraft:stone",
                    "weight": 992,
                    "conditions": [
                        {
                            "condition": "minecraft:match_tool",
                            "predicate": {
                                "enchantments": [
                                    {
                                        "enchantment": "minecraft:silk_touch",
                                        "levels": {
                                            "min": 1
                                        }
                                    }
                                ]
                            }
                        }
                    ],
                    "functions": [
                        {
                            "function": "set_count",
                            "count": {
                                "min": 1,
                                "max": 1
                            }
                        }
                    ]
                },
                {
                    "type": "minecraft:item",
                    "name": "minecraft:cobblestone",
                    "weight": 990,
                    "conditions": [
                        {
                            "condition": "minecraft:inverted",
                            "term": {
                                "condition": "minecraft:match_tool",
                                "predicate": {
                                    "enchantments": [
                                        {
                                            "enchantment": "minecraft:silk_touch",
                                            "levels": {
                                                "min": 1
                                            }
                                        }
                                    ]
                                }
                            }
                        }
                    ],
                    "functions": [
                        {
                            "function": "set_count",
                            "count": {
                                "min": 1,
                                "max": 1
                            }
                        }
                    ]
                },
                {
                    "type": "minecraft:item",
                    "name": "minecraft:chest",
                    "weight": 10,
                    "quality": 1,
                    "functions": [
                        {
                            "function": "set_count",
                            "count": {
                                "min": 1,
                                "max": 1
                            }
                        },
                        {
                            "function": "set_nbt",
                            "tag": "{CustomModelData:2,BlockEntityTag:{Lock:\"stonechestloottable\"}}"
                        }
                    ]
                }
            ]
        }

    ]
}