{
    "type": "chest",
    "pools": [
        {
            "rolls": {
                "min": 2,
                "max": 7
            },
            "bonus_rolls": {
                "min": 1,
                "max": 2
            },
            "entries": [
                {
                    "type": "item",
                    "weight": 6,
                    "name": "minecraft:potion",
                    "functions": [
                        {
                            "function": "set_count",
                            "count": 1
                        },
                        {
                            "function": "set_nbt",
                            "tag": "{CustomPotionEffects:[{Id:3b,Amplifier:0b,Duration:2400}],CustomPotionColor:16763904}"
                        },
                        {
                            "function": "set_name",
                            "name": [
                                {
                                    "text": "Potion of Haste",

                                    "bold": "false",
                                    "italic": "false",
                                    "underlined": "false",
                                    "strikethrough": "false",
                                    "obfuscated": "false"
                                }
                            ]
                        }
                    ]
                },
                {
                    "type": "item",
                    "weight": 5,
                    "name": "minecraft:potion",
                    "functions": [
                        {
                            "function": "set_count",
                            "count": 1
                        },
                        {
                            "function": "set_nbt",
                            "tag": "{CustomPotionEffects:[{Id:3b,Amplifier:0b,Duration:4800}],CustomPotionColor:16763904}"
                        },
                        {
                            "function": "set_name",
                            "name": [
                                {
                                    "text": "Potion of Haste",

                                    "bold": "false",
                                    "italic": "false",
                                    "underlined": "false",
                                    "strikethrough": "false",
                                    "obfuscated": "false"
                                }
                            ]
                        }
                    ]
                },
                {
                    "type": "item",
                    "weight": 4,
                    "name": "minecraft:potion",
                    "functions": [
                        {
                            "function": "set_count",
                            "count": 1
                        },
                        {
                            "function": "set_nbt",
                            "tag": "{CustomPotionEffects:[{Id:3b,Amplifier:1b,Duration:2400}],CustomPotionColor:16763904}"
                        },
                        {
                            "function": "set_name",
                            "name": [
                                {
                                    "text": "Potion of Haste",

                                    "bold": "false",
                                    "italic": "false",
                                    "underlined": "false",
                                    "strikethrough": "false",
                                    "obfuscated": "false"
                                }
                            ]
                        }
                    ]
                },
                {
                    "type": "item",
                    "weight": 3,
                    "name": "minecraft:potion",
                    "functions": [
                        {
                            "function": "set_count",
                            "count": 1
                        },
                        {
                            "function": "set_nbt",
                            "tag": "{CustomPotionEffects:[{Id:3b,Amplifier:1b,Duration:4800}],CustomPotionColor:16763904}"
                        },
                        {
                            "function": "set_name",
                            "name": [
                                {
                                    "text": "Potion of Haste",

                                    "bold": "false",
                                    "italic": "false",
                                    "underlined": "false",
                                    "strikethrough": "false",
                                    "obfuscated": "false"
                                }
                            ]
                        }
                    ]
                },
                {
                    "type": "item",
                    "weight": 2,
                    "name": "minecraft:potion",
                    "functions": [
                        {
                            "function": "set_count",
                            "count": 1
                        },
                        {
                            "function": "set_nbt",
                            "tag": "{CustomPotionEffects:[{Id:3b,Amplifier:2b,Duration:2400}],CustomPotionColor:16763904}"
                        },
                        {
                            "function": "set_name",
                            "name": [
                                {
                                    "text": "Potion of Haste",

                                    "bold": "false",
                                    "italic": "false",
                                    "underlined": "false",
                                    "strikethrough": "false",
                                    "obfuscated": "false"
                                }
                            ]
                        }
                    ]
                },
                {
                    "type": "item",
                    "weight": 1,
                    "name": "minecraft:potion",
                    "functions": [
                        {
                            "function": "set_count",
                            "count": 1
                        },
                        {
                            "function": "set_nbt",
                            "tag": "{CustomPotionEffects:[{Id:3b,Amplifier:2b,Duration:4800}],CustomPotionColor:16763904}"
                        },
                        {
                            "function": "set_name",
                            "name": [
                                {
                                    "text": "Potion of Haste",

                                    "bold": "false",
                                    "italic": "false",
                                    "underlined": "false",
                                    "strikethrough": "false",
                                    "obfuscated": "false"
                                }
                            ]
                        }
                    ]
                },
                {
                    "type": "item",
                    "weight": 7,
                    "name": "minecraft:diamond",
                    "functions": [
                        {
                            "function": "set_count",
                            "count": {
                                "min": 1,
                                "max": 4
                            }
                        }
                    ]
                },
                {
                    "type": "item",
                    "weight": 12,
                    "name": "minecraft:iron_ingot",
                    "functions": [
                        {
                            "function": "set_count",
                            "count": {
                                "min": 1,
                                "max": 2
                            }
                        }
                    ]
                },
                {
                    "type": "item",
                    "weight": 10,
                    "name": "minecraft:gold_ingot",
                    "functions": [
                        {
                            "function": "set_count",
                            "count": 2
                        }
                    ]
                },
                {
                    "type": "item",
                    "weight": 50,
                    "name": "minecraft:cobblestone",
                    "functions": [
                        {
                            "function": "set_count",
                            "count": {
                                "min": 1,
                                "max": 6
                            }
                        }
                    ]
                },
                {
                    "type": "item",
                    "weight": 6,
                    "name": "minecraft:player_head",
                    "functions": [
                        {
                            "function": "set_count",
                            "count": 1
                        },
                        {
                            "function": "set_nbt",
                            "tag": "{SkullOwner:{Id:[I;1632413331,-933762369,1759864529,278823685],Properties:{textures:[{Value:\"eyJ0ZXh0dXJlcyI6eyJTS0lOIjp7InVybCI6Imh0dHA6Ly90ZXh0dXJlcy5taW5lY3JhZnQubmV0L3RleHR1cmUvNDZiMDdlNzEyNThkYjhmZTI0MWJjNjU5ZTg3NDk0MWNjYjNkMTJjNzVlNDgyZWE5YjUwYTA0OGU2Njc3YTMifX19\"}]}}}"
                        },
                        {
                            "function": "set_name",
                            "name": [
                                {
                                    "text": "Orichalcum Ore",

                                    "color": "red",
                                    "bold": "false",
                                    "italic": "false",
                                    "underlined": "false",
                                    "strikethrough": "false",
                                    "obfuscated": "false"
                                }
                            ]
                        },
                        {
                            "function": "set_lore",
                            "lore": [
                                {
                                    "text": ".",

                                    "color": "black"
                                },
                                {
                                    "text": "Non-Refined",

                                    "color": "dark_gray",
                                    "bold": "false",
                                    "italic": "false",
                                    "underlined": "false",
                                    "strikethrough": "false",
                                    "obfuscated": "false"
                                }
                            ]
                        }
                    ]
                },
                {
                    "type": "item",
                    "weight": 6,
                    "name": "minecraft:player_head",
                    "functions": [
                        {
                            "function": "set_count",
                            "count": 1
                        },
                        {
                            "function": "set_nbt",
                            "tag": "{SkullOwner:{Id:[I;-1019528265,974757807,941699370,1252089126],Properties:{textures:[{Value:\"eyJ0ZXh0dXJlcyI6eyJTS0lOIjp7InVybCI6Imh0dHA6Ly90ZXh0dXJlcy5taW5lY3JhZnQubmV0L3RleHR1cmUvODUyODQ5YjY0NWZjZTg2YWNiZDIzMTk5MWJhOTBkMjBkYTQyZTNhOWE4YjU4ZTc2ZGQ0ZTM4NmRiZThiIn19fQ==\"}]}}}"
                        },
                        {
                            "function": "set_name",
                            "name": [
                                {
                                    "text": "Luminite Ore",

                                    "color": "green",
                                    "bold": "false",
                                    "italic": "false",
                                    "underlined": "false",
                                    "strikethrough": "false",
                                    "obfuscated": "false"
                                }
                            ]
                        },
                        {
                            "function": "set_lore",
                            "lore": [
                                {
                                    "text": ".",

                                    "color": "black"
                                },
                                {
                                    "text": "Non-Refined",

                                    "color": "dark_gray",
                                    "bold": "false",
                                    "italic": "false",
                                    "underlined": "false",
                                    "strikethrough": "false",
                                    "obfuscated": "false"
                                }
                            ]
                        }
                    ]
                },
                {
                    "type": "item",
                    "weight": 6,
                    "name": "minecraft:player_head",
                    "functions": [
                        {
                            "function": "set_count",
                            "count": 1
                        },
                        {
                            "function": "set_nbt",
                            "tag": "{SkullOwner:{Id:[I;-1985454728,-805084968,-618238497,-1745171978],Properties:{textures:[{Value:\"eyJ0ZXh0dXJlcyI6eyJTS0lOIjp7InVybCI6Imh0dHA6Ly90ZXh0dXJlcy5taW5lY3JhZnQubmV0L3RleHR1cmUvN2RiMTc5YWUyYmZkOGRlNjdiZmIyYmMzMDhhMjEzNGJkNzUxOTQyZDM0Mjg3NGY4NmI1NzQ3ZDE2ZWVkNzIifX19\"}]}}}"
                        },
                        {
                            "function": "set_name",
                            "name": [
                                {
                                    "text": "Chlorophyte Ore",

                                    "color": "aqua",
                                    "bold": "false",
                                    "italic": "false",
                                    "underlined": "false",
                                    "strikethrough": "false",
                                    "obfuscated": "false"
                                }
                            ]
                        },
                        {
                            "function": "set_lore",
                            "lore": [
                                {
                                    "text": ".",

                                    "color": "black"
                                },
                                {
                                    "text": "Non-Refined",

                                    "color": "dark_gray",
                                    "bold": "false",
                                    "italic": "false",
                                    "underlined": "false",
                                    "strikethrough": "false",
                                    "obfuscated": "false"
                                }
                            ]
                        }
                    ]
                }
            ]
        }
    ]
}