{
    "type": "entity",
    "pools": [
        {
            "rolls": {
                "min": 3,
                "max": 8
            },
            "bonus_rolls": 1,
            "entries": [
                {
                    "type": "item",
                    "weight": 80,
                    "name": "minecraft:air",
                    "functions": [
                        {
                            "function": "set_count",
                            "count": 1
                        }
                    ]
                },
                {
                    "type": "item",
                    "weight": 5,
                    "name": "minecraft:dragon_egg",
                    "functions": [
                        {
                            "function": "set_count",
                            "count": 1
                        }
                    ]
                },
                {
                    "type": "item",
                    "weight": 4,
                    "name": "minecraft:diamond_sword",
                    "functions": [
                        {
                            "function": "set_count",
                            "count": 1
                        },
                        {
                            "function": "set_nbt",
                            "tag": "{CustomModelData:2,AttributeModifiers:[{AttributeName:\"generic.attack_damage\",Name:\"generic.attack_damage\",Amount:7.5,Operation:0,UUID:[I;-211180585,1653227912,-2104864652,1741855887],Slot:\"mainhand\"}]}"
                        },
                        {
                            "function": "set_name",
                            "name": [
                                {
                                    "text": "Dragon Paw",
                                    "bold": false,
                                    "italic": false,
                                    "underlined": false,
                                    "strikethrough": false,
                                    "obfuscated": false
                                }
                            ]
                        },
                        {
                            "function": "set_lore",
                            "lore": [
                                {
                                    "text": ".",
                                    "color": "black"
                                },
                                {
                                    "text": "Drops from dragon. Can be upgraded.",
                                    "color": "gray",
                                    "bold": false,
                                    "italic": false,
                                    "underlined": false,
                                    "strikethrough": false,
                                    "obfuscated": false
                                }
                            ]
                        }
                    ]
                },
                {
                    "type": "item",
                    "weight": 10,
                    "name": "minecraft:elytra",
                    "functions": [
                        {
                            "function": "set_count",
                            "count": 1
                        }
                    ]
                }
            ]
        },
        {
            "rolls": {
                "min": 15,
                "max": 20
            },
            "bonus_rolls": {
                "min": 1,
                "max": 2
            },
            "entries": [
                {
                    "type": "item",
                    "weight": 30,
                    "name": "minecraft:air",
                    "functions": [
                        {
                            "function": "set_count",
                            "count": 1
                        }
                    ]
                },
                {
                    "type": "item",
                    "weight": 30,
                    "quality": 1,
                    "name": "minecraft:prismarine_crystals",
                    "functions": [
                        {
                            "function": "set_count",
                            "count": {
                                "min": 1,
                                "max": 10
                            }
                        },
                        {
                            "function": "set_nbt",
                            "tag": "{CustomModelData:2}"
                        },
                        {
                            "function": "set_name",
                            "name": [
                                {
                                    "text": "Dragon Essence",
                                    "color": "aqua",
                                    "bold": false,
                                    "italic": false,
                                    "underlined": false,
                                    "strikethrough": false,
                                    "obfuscated": false
                                }
                            ]
                        }
                    ]
                },
                {
                    "type": "item",
                    "weight": 10,
                    "quality": 5,
                    "name": "minecraft:prismarine_shard",
                    "functions": [
                        {
                            "function": "set_count",
                            "count": {
                                "min": 1,
                                "max": 6
                            }
                        },
                        {
                            "function": "set_nbt",
                            "tag": "{CustomModelData:2}"
                        },
                        {
                            "function": "set_name",
                            "name": [
                                {
                                    "text": "Dragon Scale",
                                    "color": "aqua",
                                    "bold": false,
                                    "italic": false,
                                    "underlined": false,
                                    "strikethrough": false,
                                    "obfuscated": false
                                }
                            ]
                        }
                    ]
                },
                {
                    "type": "item",
                    "weight": 5,
                    "quality": 2,
                    "name": "minecraft:player_head",
                    "functions": [
                        {
                            "function": "set_count",
                            "count": 1
                        },
                        {
                            "function": "set_nbt",
                            "tag": "{SkullOwner:{Id:[I;-2008473940,1108493350,-1535501908,-1734326424],Properties:{textures:[{Value:\"eyJ0ZXh0dXJlcyI6eyJTS0lOIjp7InVybCI6Imh0dHA6Ly90ZXh0dXJlcy5taW5lY3JhZnQubmV0L3RleHR1cmUvNDJlODcwODlmOTMyOWI1NGM5YTU5NjU2MjUzNTQxMDdjN2Y5NmIzMDU0ZjFkZWY4Y2VlYTJiOTBjZTZmOGQifX19\"}]}}}"
                        },
                        {
                            "function": "set_name",
                            "name": [
                                {
                                    "text": "Dragon Core",
                                    "color": "light_purple",
                                    "bold": false,
                                    "italic": false,
                                    "underlined": false,
                                    "strikethrough": false,
                                    "obfuscated": false
                                }
                            ]
                        },
                        {
                            "function": "set_lore",
                            "lore": [
                                {
                                    "text": ".",
                                    "color": "black"
                                },
                                {
                                    "text": "Ripped from the pulsing heart",
                                    "color": "gray",
                                    "bold": false,
                                    "italic": false,
                                    "underlined": false,
                                    "strikethrough": false,
                                    "obfuscated": false
                                },
                                {
                                    "text": "of a dragon.",
                                    "color": "gray",
                                    "bold": false,
                                    "italic": false,
                                    "underlined": false,
                                    "strikethrough": false,
                                    "obfuscated": false
                                }
                            ]
                        }
                    ]
                }
            ]
        },
        {
            "rolls": 1,
            "bonus_rolls": {
                "min": 4,
                "max": 6
            },
            "entries": [
                {
                    "type": "item",
                    "weight": 20,
                    "quality": 1,
                    "name": "minecraft:air",
                    "functions": [
                        {
                            "function": "set_count",
                            "count": 1
                        }
                    ]
                },
                {
                    "type": "item",
                    "weight": 10,
                    "name": "minecraft:end_crystal",
                    "functions": [
                        {
                            "function": "set_count",
                            "count": {
                                "min": 1,
                                "max": 8
                            }
                        }
                    ]
                },
                {
                    "type": "item",
                    "weight": 10,
                    "name": "minecraft:blaze_rod",
                    "functions": [
                        {
                            "function": "set_count",
                            "count": 1
                        }
                    ]
                },
                {
                    "type": "item",
                    "weight": 10,
                    "name": "minecraft:experience_bottle",
                    "functions": [
                        {
                            "function": "set_count",
                            "count": {
                                "min": 16,
                                "max": 32
                            }
                        }
                    ]
                },
                {
                    "type": "item",
                    "weight": 5,
                    "name": "minecraft:dragon_head",
                    "functions": [
                        {
                            "function": "set_count",
                            "count": 1
                        }
                    ]
                },
                {
                    "type": "item",
                    "weight": 5,
                    "name": "minecraft:dragon_breath",
                    "functions": [
                        {
                            "function": "set_count",
                            "count": {
                                "min": 2,
                                "max": 10
                            }
                        }
                    ]
                },
                {
                    "type": "item",
                    "weight": 5,
                    "name": "minecraft:shulker_shell",
                    "functions": [
                        {
                            "function": "set_count",
                            "count": {
                                "min": 1,
                                "max": 2
                            }
                        }
                    ]
                },
                {
                    "type": "item",
                    "weight": 4,
                    "quality": 1,
                    "name": "minecraft:potion",
                    "functions": [
                        {
                            "function": "set_count",
                            "count": 1
                        },
                        {
                            "function": "set_nbt",
                            "tag": "{CustomPotionEffects:[{Id:26b,Amplifier:2b,Duration:3600,ShowParticles:1b}],CustomPotionColor:5099910}"
                        },
                        {
                            "function": "set_name",
                            "name": [
                                {
                                    "text": "Potion of Luck",
                                    "bold": false,
                                    "italic": false,
                                    "underlined": false,
                                    "strikethrough": false,
                                    "obfuscated": false
                                }
                            ]
                        }
                    ]
                }
            ]
        },
        {
            "rolls": {
                "min": 2,
                "max": 3
            },
            "entries": [
                {
                    "type": "item",
                    "weight": 80,
                    "quality": 5,
                    "name": "minecraft:air",
                    "functions": [
                        {
                            "function": "set_count",
                            "count": 1
                        }
                    ]
                },
                {
                    "type": "item",
                    "weight": 10,
                    "name": "minecraft:cake",
                    "functions": [
                        {
                            "function": "set_count",
                            "count": 1
                        },
                        {
                            "function": "set_lore",
                            "lore": [
                                {
                                    "text": ".",
                                    "color": "black"
                                },
                                {
                                    "text": "Let them eat cake!",
                                    "color": "gray",
                                    "bold": false,
                                    "italic": false,
                                    "underlined": false,
                                    "strikethrough": false,
                                    "obfuscated": false
                                }
                            ]
                        }
                    ]
                },
                {
                    "type": "item",
                    "weight": 10,
                    "name": "minecraft:player_head",
                    "functions": [
                        {
                            "function": "set_count",
                            "count": 1
                        },
                        {
                            "function": "set_nbt",
                            "tag": "{SkullOwner:{Id:[I;-673078062,1367493985,-1175074783,-856600387],Properties:{textures:[{Value:\"eyJ0ZXh0dXJlcyI6eyJTS0lOIjp7InVybCI6Imh0dHA6Ly90ZXh0dXJlcy5taW5lY3JhZnQubmV0L3RleHR1cmUvMzBiNGI1NDE3MzYzNzM2YTY0ZWNiYWQ4MjE5N2UzN2RlODMxYjFhYWZmZGI0YWFmMTVjMWM2ZGRkNmE1ZSJ9fX0=\"}]}}}"
                        },
                        {
                            "function": "set_name",
                            "name": [
                                {
                                    "text": "Marie Antoinette",
                                    "bold": false,
                                    "italic": false,
                                    "underlined": false,
                                    "strikethrough": false,
                                    "obfuscated": false
                                }
                            ]
                        },
                        {
                            "function": "set_lore",
                            "lore": [
                                {
                                    "text": ".",
                                    "color": "black"
                                },
                                {
                                    "text": "Let them eat cake!",
                                    "color": "gray",
                                    "bold": false,
                                    "italic": false,
                                    "underlined": false,
                                    "strikethrough": false,
                                    "obfuscated": false
                                }
                            ]
                        }
                    ]
                }
            ]
        }
    ]
}